Elevation_m,Storage_m3,Area_ha
41.148,0.0,0.0
97.536,127048629.26249999,0.1084596
