Elevation_m,Storage_m3,Area_ha
154.5336,61674091.87499999,0.24281999999999998
159.1056,80176319.4375,0.327807
160.6296,86343728.625,0.32983049999999997
161.544,89304087.50196368,0.3302352
